<?xml version="1.0" encoding="UTF-8" standalone="yes"?>
<addon id="repository.icy" name="icy" version="0.0.1" provider-name="0xicyy">
    <extension point="xbmc.addon.repository" name="Example Repository">
        <dir>
            <info compressed="false">https://raw.githubusercontent.com/0xicyy/repository.icy/master/repo/zips/addons.xml</info>
            <checksum>https://raw.githubusercontent.com/0xicyy/repository.icy/master/repo/zips/addons.xml.md5</checksum>
            <datadir zip="true">https://raw.githubusercontent.com/0xicyy/repository.icy/master/repo/zips/</datadir>
        </dir>
    </extension>
    <extension point="xbmc.addon.metadata">
        <summary>icy</summary>
        <description>Personal</description>
        <disclaimer></disclaimer>
        <platform>all</platform>
        <assets>
            <icon>icon.png</icon>
            <fanart>fanart.jpg</fanart>
        </assets>
    </extension>
</addon>